热门查询,点击次数,展示,点击率,排名
browser-image-compression,6,857,0.7%,9.76
browser image compression,1,281,0.36%,26.1
image compression library,1,30,3.33%,12.37
js image compression library,1,13,7.69%,10
heic converter convert heic to jpg steps,0,835,0%,24.75
heic converter steps convert heic to jpg,0,713,0%,28.39
how to convert heic to jpg,0,410,0%,66.69
what is heic file,0,242,0%,82.85
browser-image-compression library,0,239,0%,5.95
heic,0,227,0%,78.3
heic meaning,0,221,0%,67.03
heic format,0,186,0%,75.16
what is heic,0,185,0%,65.19
what is heic format,0,177,0%,74.47
convert heic to jpg,0,176,0%,80.08
heic vs png,0,161,0%,13.46
.heic meaning,0,156,0%,65.5
.heic,0,153,0%,88.03
what is image compression,0,126,0%,70.43
heic file meaning,0,121,0%,70.21
how to change heic to jpg,0,115,0%,70.37
browser-image-compression bundle size gzipped,0,111,0%,4.5
converting heic to jpg,0,108,0%,71.65
what are heic files,0,105,0%,81.5
"""browser-image-compression"" webp",0,92,0%,9.29
heic to jpg,0,81,0%,70.81
what does heic mean,0,74,0%,63.38
what is a heic file,0,74,0%,82.11
"""browser-image-compression"" bundle size",0,70,0%,4.26
compressorjs browser image compression library,0,70,0%,7.03
heic vs png vs jpg,0,66,0%,8.21
what is .heic,0,64,0%,65.59
what is an heic file,0,63,0%,87.05
what is heic photo,0,60,0%,81.72
browser-image-compression bundle size,0,58,0%,6.38
"""browser-image-compression"" filetype",0,58,0%,6.45
heic vs jpeg vs png,0,56,0%,10.62
show steps in heic converter to convert heic files to jpg.,0,56,0%,37.48
browser-image-compression return type,0,54,0%,8.5
what is a .heic file,0,53,0%,78.89
heic to jpeg,0,49,0%,93.1
heic convert to jpeg,0,48,0%,87.23
png vs heic,0,45,0%,18.04
what is a heic image,0,45,0%,83.84
.heic format,0,45,0%,84.24
browser-image-compression options maxsizemb maxwidthorheight usewebworker,0,40,0%,6.92
change heic to jpg,0,40,0%,82.9
what is a heic photo,0,40,0%,85.78
javascript image compression,0,39,0%,53.41
changing heic to jpg,0,39,0%,69.92
how to convert from heic to jpg,0,39,0%,74.31
how to convert a heic to jpg,0,39,0%,81.13
compressor.js browser image compression library,0,38,0%,9.39
heic vs jpg vs png,0,37,0%,7.3
whats a heic file,0,37,0%,77.08
change heic to jpeg,0,35,0%,89.89
heic to jpg conversion,0,34,0%,88.71
"""browser-image-compression"" github",0,33,0%,8.06
heic file format,0,33,0%,77.48
converting heic to jpeg,0,33,0%,83
how to convert heic files,0,30,0%,80.2
heic convert to jpg,0,30,0%,92.53
"""browser-image-compression"" filetype option",0,29,0%,7.38
browser-image-compression javascript library,0,27,0%,5.63
browser-image-compression filetype option,0,26,0%,6.81
what does heic stand for,0,26,0%,58.69
heic转jpg,0,25,0%,54.88
browser-image-compression options filetype,0,24,0%,6.12
how to turn heic to jpg,0,24,0%,70.17
how to save heic as jpg,0,24,0%,78.71
browser-image-compression return type file or blob,0,23,0%,9
convert heic to jpeg,0,23,0%,89.26
image compression algorithms comparison,0,22,0%,82.23
how to turn a heic into a jpg,0,21,0%,83
"""browser-image-compression"" exif",0,20,0%,6.85
how do you convert heic to jpg,0,20,0%,75.6
image compression techniques,0,20,0%,78.85
transfer heic to jpg,0,20,0%,88.6
heic to jpeg conversion,0,20,0%,91
heic iphone,0,19,0%,65.68
how to change .heic to .jpg,0,19,0%,68.95
how to change from heic to jpg,0,19,0%,73.95
from heic to jpg,0,19,0%,92.95
javascript image compression library,0,17,0%,12.35
is heic better than png,0,17,0%,17
heic 转 jpg,0,17,0%,61.29
what is heic extension,0,17,0%,80.47
turn heic to jpg,0,17,0%,82.18
squoosh library browser usage bundle size performance,0,16,0%,2.12
how to convert heic to jpeg,0,16,0%,65.62
how do i convert a heic to jpg,0,16,0%,80
convert .heic to jpg,0,16,0%,83.19
browser-image-compression.js,0,15,0%,10.4
what is best way to messivly change 200+ photos from heic to jpg,0,15,0%,24.33
image compression algorithms,0,15,0%,54.93
how to make a heic a jpg,0,15,0%,74.4
image compression formats,0,15,0%,93
what are heic files on iphone,0,14,0%,63.14
how to change an heic to jpg,0,14,0%,83.36
compressorjs bundle size,0,13,0%,8.62
heic2any usage example blob totype image/jpeg,0,13,0%,10.92
what is heic file format,0,13,0%,71.38
heic conversion,0,13,0%,71.69
how to change a photo from heic to jpg,0,13,0%,74.62
how to make an heic a jpg,0,13,0%,83.23
convert heic format to jpg,0,13,0%,86.23
heic是什么格式,0,12,0%,35.67
heic 格式,0,12,0%,61
what is .heic file,0,12,0%,77.42
what are .heic files,0,12,0%,79.58
how to change photos from heic to jpg,0,12,0%,82.17
how to convert .heic to jpg,0,12,0%,82.5
how do i convert heic to jpg,0,12,0%,83.42
how to turn a heic into a jpeg,0,12,0%,84.75
heic jpg,0,12,0%,87.42
browser-image-compression bundle size kb,0,11,0%,8.18
heic file format definition,0,11,0%,8.45
browser-image-compression minified gzipped size,0,11,0%,8.55
图片压缩的主要技术方法,0,11,0%,8.82
what is heic file iphone,0,11,0%,56.91
how to change photo from heic to jpg,0,11,0%,73.73
heic format to jpg,0,11,0%,88.73
heic file to jpeg,0,11,0%,94.55
"""filetype"" option browser-image-compression",0,10,0%,5.5
browser-image-compression options initialquality,0,10,0%,8
what is heic format?,0,10,0%,8.1
konva.js minified gzipped size,0,10,0%,8.9
why does iphone use heic,0,10,0%,34.8
what does heic mean on photos,0,10,0%,63.7
iphone heic,0,10,0%,64.3
is heic lossless,0,10,0%,66.5
what is an heic file on iphone,0,10,0%,66.6
what is a heic file on iphone,0,10,0%,66.8
change from heic to jpg,0,10,0%,76.1
save heic as jpg,0,10,0%,77.5
how to transfer heic to jpg,0,10,0%,79.2
what is heic image,0,10,0%,79.8
what format is heic,0,10,0%,79.9
how do i change heic to jpg,0,10,0%,80.2
.heic to jpg,0,10,0%,81.3
what are heic photos,0,10,0%,82.6
iphone heic file,0,10,0%,84.8
browser-image-compression vs compressorjs,0,9,0%,7.22
"""maxsizemb"" ""browser-image-compression""",0,9,0%,8
why does apple use heic,0,9,0%,42.33
image compression technique,0,9,0%,43.89
iphone image format,0,9,0%,54.78
what is an heic,0,9,0%,58.67
heic格式,0,9,0%,61.22
how are images compressed,0,9,0%,64.11
what is a .heic,0,9,0%,65
how to make heic to jpg,0,9,0%,70.44
image compression in digital image processing,0,9,0%,72.56
can you convert heic to jpg,0,9,0%,76.78
how to change image from heic to jpg,0,9,0%,77.22
how to convert a heic file to jpg,0,9,0%,77.78
convert to heic to jpg,0,9,0%,87.78
convert heic file to jpg,0,9,0%,90.22
"""browser-image-compression"" bundle size gzipped",0,8,0%,4
"""browser-image-compression"" ""filetype""",0,8,0%,6.25
what is the heic format?,0,8,0%,8.62
image compression fundamentals,0,8,0%,11.5
what does .heic mean,0,8,0%,52.62
why are iphone photos heic,0,8,0%,56.88
how to change file from heic to jpg,0,8,0%,67.5
best image compression algorithm,0,8,0%,74.25
how to change a heic to jpg,0,8,0%,74.25
how to convert an heic file to jpg,0,8,0%,84.25
what is heic file extension,0,8,0%,85.25
image compression methods,0,8,0%,85.5
what file is heic,0,8,0%,86.62
what is .heic file extension,0,8,0%,87.38
make heic to jpg,0,8,0%,89.5
heic file to jpg,0,8,0%,91.75
frontend bundle size utility new maintainer image compression tool,0,7,0%,2.43
browser image compression alternative,0,7,0%,6.14
"""browser-image-compression"" webp support",0,7,0%,7.43
compressorjs minified gzipped size,0,7,0%,7.86
browser-image-compression returns file or blob,0,7,0%,8.29
browser-image-compression github,0,7,0%,8.57
如何选择合适的图片压缩算法？,0,7,0%,37.57
how to convert heic file to jpg,0,7,0%,66.71
client-side image compression,0,7,0%,72.14
what is a heic,0,7,0%,73.43
what is .heic photo,0,7,0%,78.71
convert heic,0,7,0%,80.86
what are heic images,0,7,0%,84.71
save heic as jpeg,0,7,0%,85.14
heic files to jpg,0,7,0%,91.57
heic to jpeg convert,0,7,0%,93.29
"""browser-image-compression"" typescript",0,6,0%,4.17
heic to jpg conversion methods,0,6,0%,6.33
"""browser-image-compression"" web worker",0,6,0%,6.5
"""browser-image-compression"" options filetype",0,6,0%,7
browser-image-compression usewebworker option,0,6,0%,7.67
heic stands for high efficiency image container,0,6,0%,10
compress images in browser,0,6,0%,25.5
what is heic format on iphone,0,6,0%,33.67
heic means,0,6,0%,36.33
js compress image,0,6,0%,49
what does heic file mean,0,6,0%,57.17
what does heic mean on a photo,0,6,0%,68.5
heic format iphone,0,6,0%,69.83
image compression algorithm,0,6,0%,73
what is heic photo format,0,6,0%,74.17
how to change a heic to a jpeg,0,6,0%,74.67
heic file iphone,0,6,0%,76.5
how to convert heic file to jpeg,0,6,0%,77.83
what is heic files,0,6,0%,89
heic to jpg convert,0,6,0%,90.33
convert photos from heic to jpg,0,6,0%,95.33
"""browser-image-compression"" filetype webp",0,5,0%,7
compressorjs image compression browser library,0,5,0%,9.2
heic vs png quality,0,5,0%,10
heic or png,0,5,0%,10.2
markdown工具推荐,0,5,0%,10.2
heic stand for,0,5,0%,10.6
图片压缩算法,0,5,0%,27.2
js image compression,0,5,0%,33.6
what is heic format in iphone,0,5,0%,34.6
heic 是 什么 格式,0,5,0%,41.8
3a in url,0,5,0%,49.8
what is extension heic,0,5,0%,53.2
heic mean,0,5,0%,57.2
iphone photos file type,0,5,0%,61.4
apple picture format,0,5,0%,62.8
how to convert heic,0,5,0%,65.4
image compression definition,0,5,0%,68.2
convert heic files to jpg,0,5,0%,70.4
heif vs png,0,5,0%,78.4
heic full form,0,5,0%,82.4
convert from heic to jpg,0,5,0%,82.6
how to change heic to jpeg,0,5,0%,86.6
change photo from heic to jpg,0,5,0%,91.8
what heic file,0,5,0%,95.2
percent-encoding %3d equals sign,0,4,0%,1
url encoding %3d equals sign percent-encoding,0,4,0%,3.25
图片压缩技术,0,4,0%,8
图片压缩原理,0,4,0%,8.25
compressor.js mimetype image/webp,0,4,0%,8.75
browser-image-compression supports jpeg png webp,0,4,0%,9
compressorjs browser image compression,0,4,0%,9.5
heic to jpg 方法,0,4,0%,10.25
compressorjs bundle size gzipped,0,4,0%,10.5
what is heic on iphone,0,4,0%,29.5
best markdown editor,0,4,0%,37.25
why heic format,0,4,0%,42
image compression method,0,4,0%,43.5
heic stands for,0,4,0%,45
heic meaning iphone,0,4,0%,46
iphone image format heic,0,4,0%,48
types of image compression,0,4,0%,54.25
image compression example,0,4,0%,56
apple photo format,0,4,0%,56.5
convert heic file,0,4,0%,63.5
how to convert heic files to jpg,0,4,0%,66
what file type are iphone photos,0,4,0%,66.25
url encoding characters,0,4,0%,66.5
what is heic file type,0,4,0%,68.75
image compression meaning,0,4,0%,69.25
jpeg compression explained,0,4,0%,70
how to convert image from heic to jpg,0,4,0%,70.25
heic轉jpg,0,4,0%,72.75
heic photo format,0,4,0%,73.75
heic picture format,0,4,0%,75.75
how to change a heic to a jpg,0,4,0%,77.25
how to change a heic file to jpg,0,4,0%,82.75
what is .heic extension,0,4,0%,82.75
converting heic,0,4,0%,83
how do i convert heic files to jpeg?,0,4,0%,83
how to make a heic file a jpg,0,4,0%,84
.heic to .jpg,0,4,0%,86
heic file,0,4,0%,87.25
image compression standards,0,4,0%,87.5
heic convertor,0,4,0%,89
what is an heic image,0,4,0%,91
.heic to jpeg,0,4,0%,94.25
convert heic into jpg,0,4,0%,95.75
percent-encoding %3d equals sign url encoding,0,3,0%,1
mdn url encoding percent-encoding reference,0,3,0%,3
url percent-encoding %3d equals sign,0,3,0%,4
what does %3d mean in url encoding,0,3,0%,4
compressorjs gzip size,0,3,0%,6.67
what does heic stand for high efficiency image container,0,3,0%,7.33
markdown编辑器推荐,0,3,0%,7.67
xml verbose compared to json yaml,0,3,0%,7.67
图片压缩原理和算法,0,3,0%,8
browser-image-compression return type file blob,0,3,0%,8.33
canvas api image processing,0,3,0%,8.67
compressor.js image compression browser,0,3,0%,8.67
compressor.js mimetype option,0,3,0%,9.33
browser-image-compression filetype webp,0,3,0%,10
heic vs jpg size,0,3,0%,10
browser-image-compression npm package size gzipped,0,3,0%,10.33
heic image format explanation,0,3,0%,11
what is heic?,0,3,0%,11
heic file format explanation apple,0,3,0%,11.67
heic 和 jpg 区别,0,3,0%,13.67
yaml vs xml,0,3,0%,18.33
javascript compression library,0,3,0%,20.67
image compression explained,0,3,0%,29
heic vs jpg file size,0,3,0%,29.67
compress image javascript,0,3,0%,30.33
what is heic format for photos,0,3,0%,34.67
url percent encoding table,0,3,0%,37
jpg to heic converter,0,3,0%,47.33
file format heic,0,3,0%,48
heic what is it,0,3,0%,52.67
where do heic files come from,0,3,0%,54.33
apple heic,0,3,0%,56.33
heic file means,0,3,0%,60.67
what's an heic file,0,3,0%,61
export heic to jpg,0,3,0%,61.67
why are iphone images heic,0,3,0%,61.67
how do i change photos from heic to jpg,0,3,0%,62.33
whats heic,0,3,0%,63
format heic,0,3,0%,66.33
define image compression,0,3,0%,68
how convert heic to jpg,0,3,0%,69
how can i convert heic to jpg,0,3,0%,71.33
png compression algorithm,0,3,0%,71.67
apple image format,0,3,0%,74.33
compression in image processing,0,3,0%,74.33
why heic,0,3,0%,74.67
tools for image processing,0,3,0%,77
compression in digital image processing,0,3,0%,77.33
how to export heic to jpg,0,3,0%,78.33
what's heic file,0,3,0%,78.33
saving heic as jpeg,0,3,0%,79
convert heic to jpg photoshop,0,3,0%,79.67
how to save an heic as a jpeg,0,3,0%,80.33
whats heic file,0,3,0%,81.33
converting photos from heic to jpg,0,3,0%,82.67
heic image format,0,3,0%,85
heic convert,0,3,0%,86.67
transform heic to jpg,0,3,0%,86.67
whats an heic file,0,3,0%,87.33
how to get heic to jpg,0,3,0%,88.33
convert heic image to jpg,0,3,0%,91
what is an .heic file,0,3,0%,91.67
convert image from heic to jpg,0,3,0%,92
change a heic to jpg,0,3,0%,92.67
heic files to jpeg,0,3,0%,93.33
how to make heic into jpg,0,3,0%,94
change photo format from heic to jpg,0,3,0%,94.67
how to convert heic to jpg on pc,0,3,0%,98.67
browser-image-compression bundlephobia size,0,2,0%,6.5
browser-image-compression npm bundle size,0,2,0%,7
compressor.js image compression library,0,2,0%,7
"how to use markdown for technical docs best practices markdown technical 
documentation",0,2,0%,7
"""browser-image-compression"" ""webp""",0,2,0%,8
"browser-image-compression npm options maxsizemb maxwidthorheight 
usewebworker",0,2,0%,8
离散沃尔什变换能否应用于图像压缩？,0,2,0%,8
browser-image-compression heic,0,2,0%,8.5
browser-image-compression npm bundle size gzipped,0,2,0%,8.5
browser-image-compression options initialquality maxiteration,0,2,0%,8.5
compressorjs npm browser image compression library,0,2,0%,9
percent-encoding %3d equals sign mdn,0,2,0%,9.5
xml verbosity compared to json yaml,0,2,0%,9.5
最好的markdown编辑器,0,2,0%,10
.heic stands for,0,2,0%,10.5
browser-image-compression filetype option webp,0,2,0%,10.5
browser-image-compression heic support,0,2,0%,10.5
browser-image-compression library github,0,2,0%,10.5
compress jpg to pixel size,0,2,0%,10.5
fabricimage.fromurl promise,0,2,0%,10.5
heic format explanation,0,2,0%,10.5
rfc 3986 percent-encoding %3d equals sign,0,2,0%,11
photo to jpg converter pixel,0,2,0%,11.5
why do iphones use heic,0,2,0%,11.5
how to convert jpg to png on iphone,0,2,0%,12.5
markdown编辑器 推荐,0,2,0%,16
image compression tools comparison,0,2,0%,16.5
heic是什么,0,2,0%,18
yaml xml,0,2,0%,19
为什么在计算机中选择合适的图像压缩算法非常重要？,0,2,0%,19.5
best markdown editors 2025,0,2,0%,20
xml json yaml,0,2,0%,22
markdown editor 推荐,0,2,0%,26.5
.heic是什么格式,0,2,0%,28
difference heic jpg,0,2,0%,29.5
heiic,0,2,0%,32
heic 是什么格式,0,2,0%,37
how to save heic to jpeg,0,2,0%,40.5
heic to jpg converter online,0,2,0%,41
heic to jog,0,2,0%,41.5
how to make an heic into a jpeg,0,2,0%,41.5
how to change heic photos to jpeg,0,2,0%,42
heic和jpg区别,0,2,0%,42.5
how to transform a heic to jpg,0,2,0%,43.5
how to convert .heic to .jpg,0,2,0%,45
heic怎么转jpg,0,2,0%,46.5
convert heic photos to jpeg,0,2,0%,48
heic转换jpg,0,2,0%,48
percent encoding,0,2,0%,48
heic 转换,0,2,0%,49.5
what is a heic file format,0,2,0%,50
image compression in image processing,0,2,0%,54.5
heic extension meaning,0,2,0%,55
how to heic to jpg,0,2,0%,55.5
what is url encoding,0,2,0%,56
heic tojpg,0,2,0%,57
heictojpeg,0,2,0%,57
what does heic mean in photos,0,2,0%,57
why iphone photos are heic,0,2,0%,57
heig to jpeg,0,2,0%,58
what is url encode,0,2,0%,59
how to convert heic files to jpeg,0,2,0%,59.5
how can i convert a heic file to jpg,0,2,0%,60
how to convert photos from heic to jpg,0,2,0%,60
how to change file type from heic to jpg,0,2,0%,61.5
.heic file format,0,2,0%,62.5
how to change heic file to jpg,0,2,0%,62.5
url encode characters,0,2,0%,62.5
how to reformat heic to jpg,0,2,0%,64
image compression model in digital image processing,0,2,0%,64
convert heic files to jpeg format,0,2,0%,65.5
easy way to convert heic to jpg,0,2,0%,65.5
heic apple,0,2,0%,67
why are photos heic,0,2,0%,67
what is an heic photo,0,2,0%,68.5
json vs yaml vs xml,0,2,0%,69
best markdown editors,0,2,0%,70
apple heic format,0,2,0%,70.5
how to convert a heic to a jpeg,0,2,0%,71
how do i convert an heic file to a jpeg,0,2,0%,72
heic file type,0,2,0%,72.5
what is file extension heic,0,2,0%,73
can heic be converted to jpg,0,2,0%,73.5
what heic,0,2,0%,73.5
what is heic extension on photo,0,2,0%,74
how to convert heic images to jpeg,0,2,0%,75.5
how to send heic as jpg,0,2,0%,77
how can i change heic to jpeg,0,2,0%,78
what is a heic format,0,2,0%,78
heic en jpg,0,2,0%,79
what is image heic,0,2,0%,79
conversion heic jpg,0,2,0%,79.5
how to convert images from heic to jpg,0,2,0%,80.5
filetype heic,0,2,0%,81
hiec to jpg,0,2,0%,81
how to change a .heic to jpg,0,2,0%,81.5
how to easily convert heic to jpg,0,2,0%,81.5
what is heic file?,0,2,0%,83.5
how do you save a heic to jpg,0,2,0%,85
how to convert an heic to jpg,0,2,0%,85.5
convert file heic to jpg,0,2,0%,86
how to quickly convert heic to jpg,0,2,0%,86.5
how to convert heic image to jpg,0,2,0%,87
what file type is heic,0,2,0%,87
heic file convert to jpg,0,2,0%,87.5
jpeg image compression algorithm,0,2,0%,87.5
what is an heic file format,0,2,0%,88
how do i change an heic file to a jpg,0,2,0%,89
how to change pictures from heic to jpg,0,2,0%,89
how to save a heic as a jpeg,0,2,0%,89
how to convert and heic to jpg,0,2,0%,90.5
what is an heic file?,0,2,0%,91
heic photos to jpg,0,2,0%,92
file extension heic,0,2,0%,92.5
what is a hiec file,0,2,0%,92.5
formato heic,0,2,0%,93
how do i change photo from heic to jpg,0,2,0%,93
how to convert heif to jpg,0,2,0%,93
what is a heic file?,0,2,0%,94
image data compression,0,2,0%,96.5
easiest way to convert heic to jpg,0,2,0%,97
what is a heic picture,0,2,0%,97
digital image compression,0,2,0%,97.5
what is the heic extension,0,2,0%,97.5
png to base64 url,0,1,0%,1
mdn percent-encoding url encoding,0,1,0%,2
在线二维码,0,1,0%,2
编码解码,0,1,0%,2
best tool to convert heic to jpeg,0,1,0%,3
format comparison,0,1,0%,3
iphone 照片 轉 jpg 線上,0,1,0%,3
base64 2 image,0,1,0%,4
convert heic to jpg methods,0,1,0%,4
heic files not opening windows 11,0,1,0%,4
how to open heic file,0,1,0%,4
jpeg compression online,0,1,0%,4
lightroom heic to jpg,0,1,0%,4
png vs jpg resolution,0,1,0%,4
png vs jpg size,0,1,0%,4
heic file format iphone,0,1,0%,5
html在线预览,0,1,0%,5
image/heic,0,1,0%,5
xml most verbose format compared to json yaml,0,1,0%,6
file size comparison,0,1,0%,7
iphone 照片格式,0,1,0%,7
jpeg vs png vs heif,0,1,0%,7
markdown html preview,0,1,0%,7
best javascript image cropper libraries 2025 2026,0,1,0%,8
heic meaning in computer,0,1,0%,8
markdown 编辑 器 推荐,0,1,0%,8
what is heic on iphone camera,0,1,0%,8
图片格式转换的常用方法,0,1,0%,8
為什麼照片是heic,0,1,0%,8
"""browser-image-compression"" heic",0,1,0%,9
browser-image-compression filetype image/webp,0,1,0%,9
heic vs jpg comparison,0,1,0%,9
heic转jpg在线工具,0,1,0%,9
iphone heic format example,0,1,0%,9
markdown 工具,0,1,0%,9
markdown 编辑器推荐,0,1,0%,9
powershell script,0,1,0%,9
"""browser-image-compression"" supports jpeg png webp bmp",0,1,0%,10
best markdown editor 2024,0,1,0%,10
browser-image-compression npm options maxsizemb maxwidthorheight,0,1,0%,10
browser-image-compression returns file or blob docs,0,1,0%,10
compressor.js image compression browser library,0,1,0%,10
compressor.js mimetype image/webp option,0,1,0%,10
compressorjs image compression browser,0,1,0%,10
heic format definition,0,1,0%,10
iphone heic format explanation,0,1,0%,10
is base64 secure,0,1,0%,10
jpeg vs png vs heic,0,1,0%,10
wat is .heic,0,1,0%,10
what is heic iphone,0,1,0%,10
why iphone use heic,0,1,0%,10
windows markdown 编辑器 推荐 2025,0,1,0%,10
xml readability compared to json yaml markdown,0,1,0%,10
*.heic format,0,1,0%,11
apple heic format explanation,0,1,0%,11
compressorjs npm browser image compression,0,1,0%,11
heic to jpg windows,0,1,0%,11
heic vs jpeg comparison diagram,0,1,0%,11
heic vs jpg,0,1,0%,11
more,0,1,0%,11
heic format explanation apple,0,1,0%,12
iphone 照片格式 heic,0,1,0%,12
"what is a characteristic of base64 encoding regarding passwords? answer it 
securely encrypts passwords. it makes passwords unrecoverable. it is a 
simple ascii representation of binary data. it is the most secure form of 
password storage.",0,1,0%,12
yaml vs xml vs json,0,1,0%,12
формат heic,0,1,0%,12
.heic stands for high efficiency image container,0,1,0%,13
can you convert a heic to jpg on iphone,0,1,0%,13
heic vs jpeg differences advantages disadvantages,0,1,0%,13
heic是什麼格式,0,1,0%,13
heic definition,0,1,0%,15
best md editor,0,1,0%,16
heic a jpg online,0,1,0%,16
图象信号压缩与重建中如何平衡压缩率与图象的质量？,0,1,0%,16
markdown 编辑器 推荐,0,1,0%,17
best image compression api for developers 2025 2026,0,1,0%,18
gif to live photo online converter,0,1,0%,18
raw to jpg converter high quality,0,1,0%,18
xml vs yaml vs json,0,1,0%,18
heic什么格式,0,1,0%,19
iphone 相片格式,0,1,0%,19
图片压缩在线,0,1,0%,20
静止图像压缩中的重要参数有哪些？,0,1,0%,20
canvas compress image,0,1,0%,22
heic suffix,0,1,0%,22
json xml yaml,0,1,0%,22
wtf is heic,0,1,0%,22
heic to pg,0,1,0%,23
heix to jpg,0,1,0%,23
what does heic stand for in photos,0,1,0%,23
heic format advantages,0,1,0%,24
compressorjs,0,1,0%,28
heic a jpg iphone,0,1,0%,28
heict to jpg,0,1,0%,28
batch convert heic,0,1,0%,30
压缩图片,0,1,0%,30
how do i convert a heic file to jpg,0,1,0%,32
hcil to jpg,0,1,0%,33
图像压缩算法,0,1,0%,33
heic t o jpg,0,1,0%,34
heic to jpg',0,1,0%,34
how to resave heic to jpg,0,1,0%,34
heic to jpg photoshop batch,0,1,0%,35
how to make jpg from heic,0,1,0%,35
heic to jp,0,1,0%,36
how do i change a heic image to jpg,0,1,0%,36
how to turn heic image into jpg,0,1,0%,36
what is a heic file iphone,0,1,0%,36
heic 是什么,0,1,0%,37
heic. to jpg,0,1,0%,37
how to convert a heic image to jpg,0,1,0%,37
how to format heic to jpg,0,1,0%,38
heic 转换 jpg,0,1,0%,39
heic格式转换,0,1,0%,39
how to convert heic to,0,1,0%,39
markdown 编辑工具,0,1,0%,39
how to convert heic images,0,1,0%,40
canvas todataurl jpeg quality,0,1,0%,41
how to make a heic to a jpg,0,1,0%,41
how to turn image from heic to jpg,0,1,0%,41
percentage encoding,0,1,0%,41
what is iphone image format,0,1,0%,41
.heic 格式,0,1,0%,42
how to change from heic,0,1,0%,42
how to convert pic from heic to jpg,0,1,0%,42
how to make heic photos jpg,0,1,0%,42
iphone照片heic格式,0,1,0%,42
is yaml a superset of json,0,1,0%,42
markdown阅读器推荐,0,1,0%,42
why are iphone pictures heic,0,1,0%,42
how does image compression work,0,1,0%,43
how to automatically convert heic to jpg,0,1,0%,43
how to switch photos from heic to jpg,0,1,0%,43
can you make a heic to jpg,0,1,0%,44
heic to jpg方法,0,1,0%,44
heic to jph,0,1,0%,44
heic 形式,0,1,0%,44
how to convert photo from heic to jpeg,0,1,0%,44
how to make an heic file into a jpg,0,1,0%,44
how to transfer heic to jpeg,0,1,0%,44
how image compression works,0,1,0%,45
how to change a picture file from heic to jpg,0,1,0%,45
how to switch photo from heic to jpg,0,1,0%,45
json vs xml vs yaml,0,1,0%,45
percent encoding javascript,0,1,0%,45
change a heic to jpeg,0,1,0%,46
format file heic,0,1,0%,46
heic 转 jpg 工具,0,1,0%,46
jeic to jpg,0,1,0%,46
url percent encoding,0,1,0%,46
what is heic file in iphone,0,1,0%,46
converting heic photos to jpeg,0,1,0%,47
how do i convert heic files to jpeg,0,1,0%,47
how do i convert heic to jpeg,0,1,0%,47
image compression fundamentals in digital image processing,0,1,0%,47
iphone照片 heic,0,1,0%,47
yaml superset of json,0,1,0%,47
heic file conversion,0,1,0%,48
heic 转 jpg 软件,0,1,0%,48
how to change an heic to jpeg,0,1,0%,48
how to convert heic files into jpeg,0,1,0%,48
how to make heic image jpg,0,1,0%,48
what is the best way to convert heic to jpg,0,1,0%,48
can you turn heic to jpg,0,1,0%,49
covert heic to jpeg,0,1,0%,49
easiest way to convert heic to jpeg,0,1,0%,49
heic格式转化jpg,0,1,0%,49
how do i turn a heic into a jpg,0,1,0%,49
how to make heic a jpg,0,1,0%,49
java convert heic to jpg,0,1,0%,49
what file format is heic,0,1,0%,49
why iphone pictures are heic,0,1,0%,49
heic转jpeg,0,1,0%,50
how can i turn a heic into a jpeg,0,1,0%,50
how do you change a photo from heic to jpg,0,1,0%,50
how to make a photo from heic to jpg,0,1,0%,50
urlencode percent sign,0,1,0%,50
xml vs json vs yaml,0,1,0%,50
免费图片压缩工具,0,1,0%,50
heic what is,0,1,0%,51
what are iphone photos saved as,0,1,0%,51
what does heic image mean,0,1,0%,51
converting heic files to jpg,0,1,0%,53
http encoding,0,1,0%,54
why is iphone photo heic,0,1,0%,54
how do i change a heic to a jpeg,0,1,0%,56
how do you change heic to jpg,0,1,0%,56
url safe encoding,0,1,0%,56
url encode comma,0,1,0%,57
easy convert heic to jpg,0,1,0%,58
heic jpg converter,0,1,0%,58
how to convert heic format to jpeg,0,1,0%,59
need for image compression,0,1,0%,59
what is an heic file extension,0,1,0%,59
how can i convert heic photos to jpeg,0,1,0%,60
how to convert a heic file into jpg,0,1,0%,60
automatically convert heic to jpg,0,1,0%,61
image compression models in digital image processing,0,1,0%,61
heic 轉 jpg,0,1,0%,62
what is heic images,0,1,0%,62
how do i convert my heic photos to jpg,0,1,0%,63
why are apple photos heic,0,1,0%,63
how to bulk convert heic to jpg,0,1,0%,65
heic meaning photo,0,1,0%,67
how to convert heic photo to jpeg,0,1,0%,67
图片压缩有哪些常用的算法？,0,1,0%,67
conversion heic en jpg,0,1,0%,68
jpeg compression algorithm,0,1,0%,68
heic jpg convert,0,1,0%,69
how do i convert heic files to jpg,0,1,0%,69
heic image,0,1,0%,70
png vs heif,0,1,0%,70
how do i change an heic photo to a jpeg,0,1,0%,71
switch from heic to jpg,0,1,0%,71
url encoded characters,0,1,0%,71
heic apple format,0,1,0%,73
how change heic to jpg,0,1,0%,74
convert heic images,0,1,0%,75
what is heic in photos,0,1,0%,75
change a photo from heic to jpg,0,1,0%,77
fastest way to convert heic to jpg,0,1,0%,77
markdown在线渲染,0,1,0%,77
quick way to convert heic to jpg,0,1,0%,77
what's a heic file,0,1,0%,77
whats a heic photo,0,1,0%,77
heic en jpeg,0,1,0%,78
how to change a pic from heic to jpg,0,1,0%,78
image compression model,0,1,0%,78
what is a heic image file,0,1,0%,78
图片 压缩,0,1,0%,78
apple heic file,0,1,0%,79
change format from heic to jpg,0,1,0%,79
heic 轉 jpg 電腦,0,1,0%,79
how to convert heic to jpg on android,0,1,0%,79
heictojpg,0,1,0%,80
how do you change a heic to a jpeg,0,1,0%,80
image compression models,0,1,0%,80
import heic to jpg,0,1,0%,80
heic to j[eg,0,1,0%,81
how to convert a heic to jpeg,0,1,0%,81
image compression format,0,1,0%,81
免费在线二维码生成器,0,1,0%,81
change file from heic to jpg,0,1,0%,82
client side image compression,0,1,0%,82
heic filetype,0,1,0%,82
hiec to jpeg,0,1,0%,82
how do i make a heic into a jpeg,0,1,0%,82
url character codes,0,1,0%,82
convert heic free,0,1,0%,83
how do i change a heic file to jpg,0,1,0%,83
how to change heic photos to jpg,0,1,0%,83
how to turn an heic into a jpeg,0,1,0%,83
what is .heic file type,0,1,0%,83
what is the heic format,0,1,0%,83
convert heic to image,0,1,0%,84
heic to jpge,0,1,0%,84
how to change heic files to jpg,0,1,0%,84
how to convert heic to.jpg,0,1,0%,84
convert heic file to jpeg,0,1,0%,85
heic檔是什麼,0,1,0%,85
how to convert file from heic to jpg,0,1,0%,85
how to make a heic to jpg,0,1,0%,85
iphone heic files,0,1,0%,85
what type of file are iphone photos,0,1,0%,85
convert .heic,0,1,0%,86
heic ios,0,1,0%,86
heic pic format,0,1,0%,86
heic to jepg,0,1,0%,86
lossless image compression algorithms,0,1,0%,86
how to convert heic pictures to jpg,0,1,0%,87
how to turn heic into jpg,0,1,0%,87
tiff vs heic,0,1,0%,87
what is a heic file extension,0,1,0%,87
changing a heic to jpg,0,1,0%,88
heic jpeg,0,1,0%,88
what is heic file from iphone,0,1,0%,88
what is heic to jpg,0,1,0%,88
change heic file to jpg,0,1,0%,89
convert file from heic to jpg,0,1,0%,89
heic to img,0,1,0%,89
how do you convert an heic to a jpeg,0,1,0%,89
how to convert heic to jpg on computer,0,1,0%,89
photos heic to jpg,0,1,0%,89
tool for image processing,0,1,0%,89
what is a heic photo file,0,1,0%,89
heic convert jpg,0,1,0%,90
how to batch convert heic to jpg,0,1,0%,90
how to change heic file into jpg,0,1,0%,90
how to convert heic into jpg,0,1,0%,90
how to convert hif to jpg,0,1,0%,90
image compression means,0,1,0%,90
photo format heic,0,1,0%,90
what heic format,0,1,0%,90
what is heic file on iphone,0,1,0%,90
convert heic jpg,0,1,0%,91
heic image to jpg,0,1,0%,91
what is a .heic file extension,0,1,0%,91
what is heic image format,0,1,0%,91
heic file what is it,0,1,0%,92
how to change an heic file to a jpeg,0,1,0%,92
how to convert a picture from heic to jpg,0,1,0%,92
apple image file type,0,1,0%,93
image compression,0,1,0%,93
免費heic轉jpg,0,1,0%,93
heic to,0,1,0%,94
how to convert heic file,0,1,0%,94
.heic file type,0,1,0%,95
change picture from heic to jpg,0,1,0%,95
convert heix to jpg,0,1,0%,95
heic是什麼,0,1,0%,95
how to change a heic photo to jpg,0,1,0%,95
how to download heic as jpg,0,1,0%,95
how to switch heic to jpg,0,1,0%,95
quickest way to convert heic to jpg,0,1,0%,95
图片压缩优化,0,1,0%,95
change heic files to jpg,0,1,0%,96
converting heic to jpg on pc,0,1,0%,96
gimp batch convert heic to jpg,0,1,0%,96
how to convert heic photos,0,1,0%,96
send heic as jpg,0,1,0%,96
how do i change a picture from heic to jpg,0,1,0%,97
how to change photo format from heic to jpg,0,1,0%,97
fast way to convert heic to jpg,0,1,0%,98
how do i change a photo from heic to jpg,0,1,0%,98
how to change a picture from heic to jpg,0,1,0%,98
image processing tools,0,1,0%,98
what is an heic file convert to jpg,0,1,0%,98
change heic file into jpg format,0,1,0%,99
heic in jpeg,0,1,0%,99
heic till jpg,0,1,0%,99
how to convert heic to jpg on phone,0,1,0%,99
picture format heic,0,1,0%,99
what is an heic file type,0,1,0%,99
what type of file is heic,0,1,0%,99
best way to convert heic to jpg,0,1,0%,100
convert images from heic to jpg,0,1,0%,100
heic to jpg photoshop,0,1,0%,100
image format heic,0,1,0%,100
jpeg compression technique,0,1,0%,100
how to convert heic to jpg bulk,0,1,0%,101